{
  "model": "Random Forest",
  "threshold": 0.4912211450175027,
  "auc": 0.7144528848251651
}