{
  "model": "Gradient Boosting",
  "threshold": 0.46118556121658455,
  "auc": 0.7189452388980344
}